id,sex,birth,age1,age,area,edu,income,k2,k3,k4,k6,k7,k8,k10,k12,k13,k14,ideo_self
6,1,1956,60,6,1,2,2,1,0,,,,0,,1,0,0,5
8,1,1951,65,6,1,3,1,1,0,1,1,,1,0,0,1,1,8
13,1,1952,64,6,1,2,1,1,1,0,1,1,1,0,0,0,0,10
24,1,1949,67,6,1,4,1,1,,0,1,1,1,0,0,1,1,8
30,1,1954,62,6,1,2,2,,1,1,1,,,,0,0,,3
35,1,1956,60,6,1,5,14,,,,,,,,,,,3
36,1,1954,62,6,1,2,1,,1,1,1,,1,0,0,0,1,5
46,1,1952,64,6,1,2,3,,,1,1,0,1,1,1,,0,6
50,1,1954,62,6,1,5,1,1,1,0,1,1,1,0,0,0,0,8
55,1,1949,67,6,1,3,1,1,0,1,1,0,1,,0,1,1,9
61,1,1949,67,6,1,4,1,1,0,1,1,,1,0,0,0,1,7
76,1,1953,63,6,1,4,1,1,0,1,1,1,1,1,0,1,1,8
81,1,1955,61,6,1,4,1,1,0,1,1,0,1,0,0,1,1,6
86,1,1950,66,6,1,4,1,1,0,1,1,0,0,0,0,1,1,9
88,1,1956,60,6,1,5,1,1,1,1,1,,,0,0,0,1,5
92,1,1954,62,6,1,4,1,1,0,1,1,0,1,0,1,1,1,8
97,1,1955,61,6,1,4,1,1,,1,1,,,0,0,1,0,6
107,1,1956,60,6,1,4,1,1,0,1,1,1,1,1,1,1,1,10
111,1,1955,61,6,1,2,2,0,1,1,1,0,0,0,0,0,1,5
113,1,1956,60,6,1,4,1,1,1,1,1,0,0,0,0,0,1,5
118,1,1950,66,6,1,2,1,0,0,1,1,0,1,0,0,1,0,10
125,1,1956,60,6,1,4,1,1,0,1,1,0,1,0,0,1,1,7
134,1,1955,61,6,1,3,1,0,1,0,0,1,0,0,1,0,0,5
140,1,1954,62,6,1,4,2,1,0,1,0,0,1,1,1,0,1,5
171,1,1955,61,6,1,4,3,1,0,1,1,1,1,0,0,1,1,5
177,1,1956,60,6,1,2,1,1,0,1,1,0,0,0,0,1,1,9
182,1,1955,61,6,1,3,1,1,,,1,0,1,,0,,1,5
232,1,1951,65,6,1,4,1,1,1,1,1,0,1,1,0,0,1,5
255,1,1956,60,6,1,4,1,1,0,1,1,0,1,0,0,0,1,7
281,1,1956,60,6,1,2,1,1,0,1,1,1,1,0,0,1,0,4
285,1,1950,66,6,1,5,8,0,1,0,1,0,0,0,1,0,1,8
289,1,1956,60,6,1,4,1,1,0,1,1,,1,0,0,1,1,7
300,1,1956,60,6,1,5,1,1,0,1,1,1,0,0,0,1,1,6
339,1,1956,60,6,1,3,1,0,1,0,,0,0,1,0,0,1,3
357,1,1955,61,6,1,2,2,,0,0,0,0,0,1,1,0,1,6
415,1,1952,64,6,1,5,1,1,0,1,1,1,,0,0,1,1,10
417,1,1956,60,6,1,5,1,1,0,1,1,0,1,0,0,1,1,7
432,1,1954,62,6,1,5,1,1,0,1,,1,1,0,0,0,1,8
441,1,1953,63,6,1,5,1,1,1,1,1,0,1,0,0,1,1,4
447,1,1956,60,6,1,2,2,1,1,0,1,0,0,,,0,1,5
454,1,1951,65,6,1,4,1,1,0,1,1,1,1,0,0,1,0,8
457,1,1955,61,6,1,4,1,1,0,1,1,1,1,0,0,1,1,10
489,1,1954,62,6,1,1,1,1,0,1,1,0,1,0,1,0,1,4
493,1,1952,64,6,1,4,1,1,0,1,1,1,1,0,1,1,1,6
515,1,1956,60,6,1,4,1,1,0,1,1,0,1,0,0,0,1,7
534,1,1954,62,6,1,4,1,1,1,0,1,1,1,,0,,1,3
547,1,1952,64,6,1,1,1,1,1,0,,0,1,1,1,1,0,10
568,1,1956,60,6,1,3,1,1,,1,1,0,,0,0,0,1,6
601,1,1954,62,6,1,2,1,1,0,1,1,1,1,0,0,1,1,7
607,1,1951,65,6,1,5,1,1,0,1,1,1,1,1,1,1,1,5
611,1,1950,66,6,1,2,1,1,0,1,1,0,1,0,0,1,1,9
623,1,1955,61,6,1,4,1,1,0,0,1,0,1,0,0,1,1,7
629,1,1949,67,6,1,1,1,0,0,0,1,0,1,0,0,0,0,5
643,1,1956,60,6,1,3,1,1,0,1,1,,,0,0,1,1,9
655,1,1956,60,6,1,3,1,1,0,1,1,0,1,0,0,0,1,7
665,1,1955,61,6,1,4,3,1,0,1,1,1,1,0,0,1,1,9
669,1,1951,65,6,1,4,8,1,0,1,1,1,1,0,0,1,1,8
679,1,1954,62,6,1,4,1,1,0,0,1,0,0,0,0,0,1,1
703,1,1954,62,6,1,4,1,1,0,1,0,0,1,1,0,0,1,2
727,1,1952,64,6,1,2,3,1,0,1,1,,0,0,1,1,1,8
731,1,1953,63,6,1,2,1,1,0,1,,1,0,,0,0,1,8
735,1,1951,65,6,1,2,1,1,0,1,1,,1,0,0,1,1,8
755,1,1955,61,6,1,2,2,,0,1,1,,,,0,1,1,5
762,1,1952,64,6,1,4,1,1,0,1,1,1,1,0,0,1,1,8
783,1,1956,60,6,1,2,2,1,0,1,1,0,0,0,0,1,1,8
9,2,1955,61,6,1,1,1,1,0,1,0,0,0,1,0,0,1,5
12,2,1954,62,6,1,2,2,0,1,0,1,0,0,,,0,1,1
29,2,1956,60,6,1,2,1,1,,,,,1,0,1,0,1,10
42,2,1955,61,6,1,4,1,1,,0,1,0,1,0,0,1,1,8
43,2,1949,67,6,1,2,1,1,0,1,,,1,,0,,,10
54,2,1954,62,6,1,2,1,1,,,1,,0,,0,1,1,6
85,2,1949,67,6,1,2,1,1,0,1,1,1,0,0,0,0,1,5
100,2,1956,60,6,1,4,1,0,0,0,,0,0,1,1,0,1,2
120,2,1954,62,6,1,2,1,,1,,1,0,0,,0,0,,6
129,2,1955,61,6,1,2,1,1,1,1,1,,0,0,0,1,,10
131,2,1956,60,6,1,2,3,1,1,,1,,1,1,1,1,1,5
144,2,1956,60,6,1,4,1,1,1,,0,0,1,,,0,1,4
152,2,1948,68,6,1,2,7,0,1,0,1,0,0,1,1,0,0,4
156,2,1948,68,6,1,4,1,1,,,1,,0,1,1,0,,5
168,2,1953,63,6,1,2,1,1,0,1,1,1,1,0,0,1,1,7
186,2,1954,62,6,1,1,4,1,,,,,1,1,,1,1,6
202,2,1954,62,6,1,2,1,0,1,1,1,0,0,0,0,0,1,4
294,2,1945,71,6,1,1,1,1,,1,1,0,1,1,0,,1,4
465,2,1952,64,6,1,4,4,0,1,0,1,0,0,1,1,0,1,5
491,2,1955,61,6,1,2,1,,0,,0,,1,0,1,0,1,7
575,2,1952,64,6,1,4,1,1,1,0,1,0,0,1,0,0,0,0
579,2,1953,63,6,1,2,1,1,,,,0,,,1,0,,5
581,2,1955,61,6,1,4,1,1,1,1,1,,0,0,0,,0,4
686,2,1955,61,6,1,2,1,1,0,1,1,1,1,0,0,1,1,10
715,2,1956,60,6,1,4,1,1,0,1,1,1,1,0,0,1,1,8
758,2,1956,60,6,1,2,1,1,0,1,1,0,1,0,0,1,1,8
892,2,1940,76,6,1,5,1,,,,,,,,,,,7
329,1,1957,59,5,1,4,1,1,0,,,1,0,,0,0,1,6
499,1,1957,59,5,1,5,1,1,0,1,1,1,1,1,0,1,1,10
517,1,1957,59,5,1,4,1,1,1,1,1,0,1,0,0,0,1,6
538,1,1966,50,5,1,3,1,1,1,1,1,1,1,,1,1,1,7
548,1,1957,59,5,1,4,1,1,0,1,1,1,1,0,0,1,0,5
602,1,1957,59,5,1,4,1,1,1,1,1,,,0,0,,1,7
613,1,1957,59,5,1,4,1,1,0,1,1,,,0,0,1,1,6
622,1,1957,59,5,1,2,1,0,1,0,1,0,0,1,1,0,1,1
683,1,1957,59,5,1,4,1,1,1,1,1,0,1,1,0,0,1,6
685,1,1960,56,5,1,5,1,1,0,1,1,1,1,0,0,1,0,5
697,1,1965,51,5,1,5,1,0,1,0,1,0,0,1,1,0,1,5
698,1,1960,56,5,1,4,5,0,1,0,1,0,0,1,1,0,1,2
704,1,1966,50,5,1,4,1,0,1,1,0,0,1,0,0,0,1,1
725,1,1957,59,5,1,4,4,1,1,1,1,0,0,,0,0,0,6
747,1,1957,59,5,1,5,1,1,0,1,1,1,1,0,1,1,1,8
756,1,1960,56,5,1,2,1,1,0,1,1,0,0,1,1,1,1,10
759,1,1966,50,5,1,3,1,1,0,1,1,,0,0,0,,1,7
780,1,1966,50,5,1,4,1,0,1,0,1,0,0,,,0,,2
801,1,1964,52,5,1,3,1,0,1,0,1,0,,1,1,0,1,3
809,1,1964,52,5,1,4,1,,,,,0,,,,0,1,6
831,1,1966,50,5,1,4,1,0,1,1,,,,,,0,0,5
901,1,1966,50,5,1,4,8,1,0,1,1,0,1,0,0,1,1,9
986,1,1965,51,5,1,3,1,1,0,1,1,,1,0,0,1,0,7
56,2,1959,57,5,1,4,3,,,,,0,1,1,0,0,0,5
87,2,1959,57,5,1,3,1,,0,,1,0,1,0,0,0,1,3
91,2,1961,55,5,1,5,5,,,,,,0,,,,,0
99,2,1958,58,5,1,4,1,0,1,1,1,0,0,0,0,0,1,3
102,2,1965,51,5,1,3,1,,,,,,,,,,,2
103,2,1959,57,5,1,4,1,1,,,1,,1,,,0,1,5
106,2,1965,51,5,1,2,1,0,1,0,0,0,1,1,1,0,1,4
116,2,1961,55,5,1,3,1,0,1,1,1,0,0,0,0,0,1,6
119,2,1966,50,5,1,2,1,1,,0,,,0,,,0,,0
128,2,1963,53,5,1,4,1,0,1,0,1,0,1,1,0,0,1,5
130,2,1963,53,5,1,5,1,1,0,1,1,1,0,0,0,1,1,9
137,2,1957,59,5,1,2,1,1,1,1,1,,1,0,0,1,1,8
141,2,1958,58,5,1,2,1,0,1,0,0,0,0,1,1,0,1,2
157,2,1964,52,5,1,4,1,1,0,0,0,0,1,1,1,0,0,5
165,2,1965,51,5,1,4,1,1,,1,1,1,0,1,0,1,1,6
175,2,1966,50,5,1,4,1,1,,1,1,1,1,1,0,0,0,7
179,2,1966,50,5,1,5,1,1,0,1,1,,0,0,0,1,,8
189,2,1958,58,5,1,2,1,,0,,1,1,1,,0,1,1,5
210,2,1966,50,5,1,2,1,0,1,1,1,0,0,0,0,0,1,5
221,2,1962,54,5,1,2,1,,,,,,,1,1,,1,7
239,2,1962,54,5,1,3,1,0,1,0,0,0,0,0,1,0,1,0
244,2,1957,59,5,1,2,1,1,,,1,,0,0,0,0,1,4
256,2,1963,53,5,1,2,1,,,,,1,0,,,0,,6
313,2,1959,57,5,1,3,1,1,0,1,1,0,1,0,0,1,0,5
316,2,1958,58,5,1,4,1,1,0,1,1,0,1,0,0,1,0,7
319,2,1959,57,5,1,2,1,,1,1,0,,0,0,1,0,1,4
343,2,1966,50,5,1,2,1,1,0,,1,,0,0,1,0,1,2
366,2,1965,51,5,1,4,1,1,,1,1,,1,0,0,1,1,8
572,2,1957,59,5,1,4,1,,1,1,1,0,,0,0,0,0,6
806,2,1965,51,5,1,4,1,0,1,0,0,0,1,1,1,0,1,3
853,2,1960,56,5,1,2,1,,,,,0,0,,1,0,1,5
999,2,1962,54,5,1,5,4,0,1,0,1,0,0,1,1,0,1,3
637,1,1974,42,4,1,4,1,1,1,1,1,1,,,0,0,0,7
692,1,1971,45,4,1,2,1,0,1,0,0,0,0,1,0,0,0,0
750,1,1967,49,4,1,4,5,0,1,0,0,0,0,1,1,0,0,1
768,1,1969,47,4,1,4,14,0,0,0,0,0,1,,1,0,0,5
791,1,1971,45,4,1,4,1,1,0,1,1,,0,,0,0,1,6
805,1,1967,49,4,1,4,3,0,0,0,1,0,1,1,0,0,0,0
811,1,1968,48,4,1,2,1,0,0,0,0,0,0,1,0,0,1,3
824,1,1976,40,4,1,2,1,1,1,1,1,0,0,0,1,1,1,6
833,1,1967,49,4,1,3,1,1,0,1,1,1,1,1,0,0,1,3
849,1,1969,47,4,1,4,1,0,1,1,1,0,0,0,0,0,1,7
851,1,1967,49,4,1,2,1,1,0,,,,,,,0,,5
857,1,1975,41,4,1,2,1,,,1,1,,1,,,0,1,5
861,1,1971,45,4,1,4,1,0,1,1,1,1,0,0,1,0,1,10
870,1,1971,45,4,1,3,1,1,1,1,1,0,1,1,0,0,1,8
877,1,1969,47,4,1,4,3,1,0,,0,1,1,1,1,1,,4
904,1,1975,41,4,1,4,1,1,1,1,1,0,1,0,0,0,1,8
915,1,1972,44,4,1,2,1,1,0,0,0,0,1,0,1,0,1,10
922,1,1971,45,4,1,3,1,,0,1,1,0,,,1,0,1,2
932,1,1969,47,4,1,4,1,1,0,1,1,0,1,0,0,1,1,4
940,1,1970,46,4,1,1,1,,1,0,1,0,0,,,0,1,5
948,1,1971,45,4,1,3,1,,,,,,,,,,1,0
955,1,1971,45,4,1,5,5,1,0,1,1,0,1,0,0,0,0,5
961,1,1971,45,4,1,3,1,,0,1,,1,0,,0,0,1,3
963,1,1974,42,4,1,4,1,0,1,0,0,0,0,1,0,0,0,4
973,1,1974,42,4,1,2,1,1,,,,,,1,,1,,5
996,1,1969,47,4,1,4,5,0,1,0,0,0,0,1,1,0,0,8
997,1,1973,43,4,1,3,1,1,1,0,0,0,0,1,1,0,0,5
1009,1,1970,46,4,1,4,5,0,1,0,1,0,0,1,1,0,0,4
1011,1,1971,45,4,1,4,1,0,1,0,0,0,0,1,1,0,0,4
1013,1,1970,46,4,1,4,5,0,1,0,0,0,0,,1,0,0,4
1015,1,1972,44,4,1,2,5,1,0,1,1,0,0,0,0,0,1,2
1035,1,1976,40,4,1,4,2,1,0,1,1,0,1,0,0,0,1,6
1043,1,1967,49,4,1,2,3,1,1,1,1,1,1,1,1,0,1,5
258,2,1971,45,4,1,4,1,0,1,0,0,0,0,0,1,0,1,2
260,2,1971,45,4,1,3,2,0,1,0,0,0,0,1,,0,0,6
261,2,1972,44,4,1,4,3,,0,1,,0,,,1,0,1,5
269,2,1971,45,4,1,2,1,0,0,0,1,0,0,0,0,0,1,10
276,2,1976,40,4,1,2,1,,1,1,1,0,0,,1,0,1,3
277,2,1968,48,4,1,2,1,1,0,0,1,0,0,1,0,0,1,5
288,2,1975,41,4,1,2,2,,,0,0,,0,,,,,1
302,2,1976,40,4,1,4,9,,,,,,,,,,,5
375,2,1975,41,4,1,4,1,1,,0,1,0,0,0,1,0,0,4
413,2,1971,45,4,1,2,1,0,1,1,1,0,0,0,0,0,1,10
416,2,1972,44,4,1,3,1,0,0,,0,,0,1,1,0,1,5
448,2,1975,41,4,1,5,1,1,0,1,0,0,1,1,1,1,1,10
518,2,1976,40,4,1,2,1,0,1,1,0,0,0,0,1,0,1,1
540,2,1971,45,4,1,1,1,,,,,,,,,,,5
584,2,1970,46,4,1,2,5,0,,1,1,,0,,1,0,1,6
585,2,1971,45,4,1,2,1,1,0,0,1,0,0,1,0,1,1,10
619,2,1975,41,4,1,3,4,,1,,1,,1,1,,0,1,5
625,2,1968,48,4,1,5,1,,1,,,,1,,1,0,1,5
726,2,1967,49,4,1,3,1,1,0,1,1,1,1,1,0,1,1,7
786,2,1967,49,4,1,4,1,1,,1,,0,0,1,0,0,,6
830,2,1971,45,4,1,3,1,,,1,1,,1,,0,1,1,10
838,2,1976,40,4,1,2,1,1,1,0,0,0,1,1,1,1,0,6
844,2,1976,40,4,1,4,3,1,1,1,1,0,0,1,0,1,1,5
856,2,1976,40,4,1,3,1,,1,,1,,0,1,0,0,,5
975,2,1971,45,4,1,1,1,1,1,1,1,,0,0,1,0,1,0
987,2,1976,40,4,1,2,1,1,0,,,,1,1,,,1,5
998,2,1973,43,4,1,3,1,1,0,1,1,1,0,1,1,0,1,5
702,1,1978,38,3,1,4,1,,0,0,1,1,1,1,1,0,1,5
763,1,1978,38,3,1,4,1,0,1,,1,0,1,1,1,0,1,3
772,1,1986,30,3,1,4,1,,0,0,0,0,0,1,0,0,1,3
774,1,1978,38,3,1,2,1,1,0,0,1,1,0,1,1,0,0,6
776,1,1978,38,3,1,4,1,1,1,1,0,0,0,1,1,0,1,6
782,1,1980,36,3,1,2,2,,,1,,,,,1,0,1,5
789,1,1979,37,3,1,2,3,,,0,0,0,0,0,1,0,1,5
836,1,1985,31,3,1,3,2,1,0,0,0,0,0,1,1,0,1,7
846,1,1981,35,3,1,4,1,1,1,0,0,0,1,1,1,0,1,3
854,1,1980,36,3,1,4,3,0,1,1,1,0,0,,1,0,,4
858,1,1982,34,3,1,4,1,1,1,,1,0,0,1,1,0,1,3
884,1,1985,31,3,1,2,1,0,1,0,0,0,0,1,1,0,1,4
913,1,1977,39,3,1,4,1,,1,1,1,0,1,0,1,0,0,3
916,1,1983,33,3,1,4,10,1,0,1,1,0,1,1,0,0,1,6
934,1,1980,36,3,1,4,1,0,1,0,1,0,0,1,1,0,1,5
956,1,1982,34,3,1,4,1,0,1,,1,0,,1,0,0,1,6
967,1,1981,35,3,1,4,1,1,0,1,1,1,1,0,1,1,1,5
984,1,1981,35,3,1,4,1,,0,1,1,,0,1,0,,1,3
1003,1,1984,32,3,1,4,5,0,,1,0,0,0,1,1,0,,5
1004,1,1980,36,3,1,4,1,0,1,0,0,0,1,,0,0,1,4
1023,1,1979,37,3,1,4,1,1,0,1,0,,1,0,0,1,1,8
1032,1,1984,32,3,1,4,1,0,1,1,1,1,0,0,1,0,1,5
1038,1,1984,32,3,1,4,15,1,1,0,1,1,0,0,1,0,1,5
1045,1,1983,33,3,1,4,8,0,1,0,1,0,0,1,1,0,1,3
1046,1,1977,39,3,1,4,1,1,0,1,1,0,1,0,0,0,1,6
293,2,1977,39,3,1,4,1,1,1,0,1,,1,1,1,0,0,5
297,2,1986,30,3,1,2,2,0,0,0,0,0,0,0,1,0,1,6
298,2,1982,34,3,1,3,1,,1,1,0,,0,1,1,0,1,3
301,2,1984,32,3,1,2,1,1,1,0,0,0,0,,1,0,1,6
306,2,1979,37,3,1,4,1,0,1,,1,0,0,0,0,0,,5
325,2,1986,30,3,1,5,2,1,0,1,1,,,1,1,0,1,5
391,2,1977,39,3,1,4,1,1,0,,1,,0,1,1,0,1,2
420,2,1984,32,3,1,3,1,1,,1,1,0,0,,0,0,1,5
468,2,1984,32,3,1,3,1,0,1,0,0,0,1,0,0,0,1,2
496,2,1982,34,3,1,4,1,,,,1,1,0,0,0,0,1,7
525,2,1984,32,3,1,3,3,,0,0,0,,0,,1,0,0,5
532,2,1977,39,3,1,4,1,,0,0,0,0,0,1,1,0,1,3
544,2,1981,35,3,1,4,1,1,0,,,0,0,,1,0,1,4
564,2,1986,30,3,1,4,1,1,0,1,1,,0,0,0,,1,5
656,2,1979,37,3,1,4,1,,0,0,0,0,,1,1,0,1,3
663,2,1986,30,3,1,5,1,1,1,0,1,,0,,1,0,0,5
718,2,1980,36,3,1,5,1,1,0,1,1,0,1,0,0,1,1,9
820,2,1979,37,3,1,2,1,,1,0,,,0,1,,0,1,3
826,2,1985,31,3,1,4,3,1,0,0,0,0,0,1,1,0,1,7
827,2,1977,39,3,1,2,1,1,0,0,1,0,1,0,0,0,1,4
855,2,1981,35,3,1,3,1,1,0,0,0,0,0,1,1,1,1,5
889,2,1986,30,3,1,1,1,,1,0,1,0,1,1,0,0,0,5
912,2,1984,32,3,1,3,1,,0,,1,0,0,,1,0,1,5
918,2,1985,31,3,1,2,1,,,,,,1,0,0,,,5
938,2,1986,30,3,1,3,2,,0,1,0,1,0,0,0,0,1,5
989,2,1980,36,3,1,2,1,0,0,,,,1,,1,0,1,5
1025,2,1984,32,3,1,4,1,1,1,0,1,1,0,0,0,1,0,0
516,1,1996,20,2,1,4,1,1,0,,1,0,,,0,0,0,5
519,1,1990,26,2,1,3,2,0,0,1,1,0,0,,0,0,1,5
523,1,1988,28,2,1,2,1,,0,1,1,0,0,,1,0,1,5
530,1,1989,27,2,1,4,1,1,0,0,0,1,0,1,1,0,0,7
559,1,1988,28,2,1,4,1,0,,0,1,1,1,,0,1,0,7
571,1,1988,28,2,1,3,4,1,1,1,1,0,0,0,0,0,1,6
610,1,1990,26,2,1,4,1,0,0,,1,,0,0,1,0,1,7
728,1,1993,23,2,1,4,1,,0,1,1,1,,,1,1,1,7
734,1,1992,24,2,1,4,1,0,1,0,1,0,0,1,1,0,1,3
739,1,1990,26,2,1,4,5,1,0,0,1,0,0,0,1,0,1,6
742,1,1993,23,2,1,4,1,1,0,1,1,1,0,,1,1,1,6
823,1,1995,21,2,1,5,3,1,1,,,,1,1,,,,2
860,1,1994,22,2,1,4,1,1,0,1,1,0,0,1,1,1,1,5
865,1,1991,25,2,1,4,1,1,0,1,1,0,0,0,0,0,1,5
866,1,1992,24,2,1,4,1,0,1,1,1,0,0,,0,0,1,5
879,1,1993,23,2,1,2,1,1,0,1,1,0,1,0,0,1,1,4
945,1,1994,22,2,1,4,1,1,0,1,1,,0,0,1,1,1,3
947,1,1989,27,2,1,4,1,1,0,,1,,0,,0,0,1,5
950,1,1988,28,2,1,4,1,1,0,1,1,1,1,,0,1,1,10
971,1,1990,26,2,1,4,2,0,,0,,,0,,1,0,0,3
980,1,1991,25,2,1,4,1,0,0,1,0,1,0,1,1,0,1,4
1012,1,1994,22,2,1,2,1,1,0,0,1,0,0,,1,0,,5
1018,1,1987,29,2,1,4,1,0,1,0,0,0,0,1,1,0,1,6
379,2,1994,22,2,1,4,1,1,0,0,1,0,0,1,1,1,1,3
383,2,1993,23,2,1,3,1,1,0,,1,1,1,1,0,1,1,6
424,2,1996,20,2,1,4,1,0,0,0,0,0,0,1,1,0,1,5
444,2,1995,21,2,1,3,5,0,,0,,0,0,1,1,0,,5
456,2,1989,27,2,1,2,4,1,1,0,0,0,0,1,1,0,0,5
471,2,1997,19,2,1,4,1,,,,,0,0,1,1,1,1,5
476,2,1990,26,2,1,3,1,,,,1,0,0,,,0,1,3
511,2,1993,23,2,1,4,1,0,1,0,1,0,0,0,0,0,1,3
513,2,1991,25,2,1,1,1,0,1,0,1,0,0,,1,0,1,4
542,2,1991,25,2,1,4,1,1,1,0,,,0,1,1,0,0,4
603,2,1991,25,2,1,4,1,1,1,0,0,,0,,1,0,1,3
648,2,1988,28,2,1,5,10,0,0,0,0,1,1,1,,0,1,4
650,2,1989,27,2,1,3,1,1,,,0,,0,,0,,1,5
658,2,1987,29,2,1,4,3,1,0,,0,0,0,0,1,0,1,10
682,2,1988,28,2,1,3,1,1,,,,0,0,,1,0,1,5
852,2,1994,22,2,1,2,1,0,0,0,0,,0,0,1,0,1,3
882,2,1996,20,2,1,4,1,,,,1,1,0,,1,0,1,5
972,2,1994,22,2,1,2,3,,,,1,,0,0,1,0,0,6
974,2,1993,23,2,1,3,1,1,0,1,1,1,0,,0,0,1,3
994,2,1996,20,2,1,4,1,,,,1,1,1,,1,0,1,5
1014,2,1996,20,2,1,4,1,0,1,0,,,0,,1,0,1,4
1020,2,1991,25,2,1,4,5,,,0,0,1,0,1,1,0,0,5
1021,2,1990,26,2,1,3,1,1,,,,,,,,,,1
1026,2,1991,25,2,1,4,1,1,,0,1,1,0,0,1,0,1,4
1053,2,1996,20,2,1,4,1,,0,0,0,0,0,1,0,0,1,4
7,1,1955,61,6,8,3,1,0,1,0,1,0,0,0,0,0,1,10
16,1,1952,64,6,4,2,1,,1,1,0,,1,0,0,0,0,6
23,1,1955,61,6,4,3,1,,1,,,0,0,1,1,0,1,4
26,1,1952,64,6,8,4,1,1,0,1,1,1,1,0,0,1,1,10
32,1,1950,66,6,8,2,1,1,0,1,1,1,1,0,0,1,1,10
33,1,1949,67,6,8,2,1,0,0,0,1,0,1,0,0,0,0,6
34,1,1954,62,6,8,1,1,1,0,1,1,,1,0,0,1,1,7
37,1,1949,67,6,8,2,1,1,,,,,0,,,,,10
38,1,1954,62,6,8,3,1,1,0,1,1,0,1,0,0,1,1,8
39,1,1955,61,6,8,2,2,1,0,1,1,0,1,0,0,0,1,7
49,1,1955,61,6,8,4,1,1,1,1,1,1,1,0,0,1,1,10
51,1,1947,69,6,8,5,1,,1,0,1,0,0,1,0,0,1,5
52,1,1949,67,6,8,2,1,1,1,1,1,,,1,1,1,1,0
66,1,1953,63,6,8,4,1,1,0,1,1,0,1,1,0,1,1,8
71,1,1954,62,6,8,2,3,,0,1,1,0,0,1,1,0,1,5
73,1,1949,67,6,8,4,1,1,,1,1,0,1,0,0,0,0,9
75,1,1953,63,6,8,2,1,1,0,1,1,0,1,1,0,1,1,10
77,1,1952,64,6,8,5,3,1,0,1,1,0,1,0,0,1,1,8
78,1,1955,61,6,4,2,1,0,1,0,0,0,0,1,0,0,0,4
82,1,1953,63,6,8,4,3,0,1,1,1,,1,1,1,0,1,5
83,1,1951,65,6,8,2,1,0,1,0,1,0,1,0,1,0,1,3
89,1,1956,60,6,8,4,1,1,0,1,1,0,1,0,0,1,1,7
96,1,1953,63,6,8,4,1,1,0,1,1,0,1,0,0,1,1,8
98,1,1956,60,6,8,3,1,1,0,1,1,0,1,0,0,1,1,8
112,1,1955,61,6,8,4,2,1,0,1,1,1,1,0,0,1,1,7
114,1,1954,62,6,8,2,1,1,0,1,1,0,1,0,0,0,1,6
121,1,1952,64,6,8,4,1,1,0,1,1,1,1,0,0,1,1,6
124,1,1956,60,6,8,2,1,1,0,1,1,0,1,0,0,1,0,8
133,1,1955,61,6,8,2,3,1,,1,,0,,0,0,0,1,6
136,1,1956,60,6,8,4,1,1,,,1,,1,0,0,0,0,5
145,1,1956,60,6,8,4,1,1,0,1,1,0,,0,0,1,1,6
147,1,1955,61,6,8,4,1,1,0,1,1,0,1,0,0,0,1,6
173,1,1954,62,6,8,4,1,1,0,1,1,1,1,0,0,1,1,10
328,1,1955,61,6,8,4,1,1,0,1,1,1,1,0,0,1,1,8
433,1,1952,64,6,8,4,1,1,0,1,1,1,1,0,0,1,1,9
436,1,1954,62,6,8,2,1,1,0,1,1,1,1,1,1,1,0,5
461,1,1952,64,6,8,3,1,1,1,1,1,0,0,1,0,0,0,6
483,1,1956,60,6,4,4,1,1,0,1,1,,1,,0,1,1,7
494,1,1955,61,6,4,2,1,1,1,,1,1,1,0,0,1,1,7
521,1,1954,62,6,8,3,1,1,0,1,1,1,1,0,0,,1,8
541,1,1956,60,6,8,4,1,0,1,0,0,0,0,1,1,0,1,0
543,1,1955,61,6,4,2,1,1,0,1,1,1,1,0,0,1,1,6
561,1,1955,61,6,4,4,1,0,1,,1,0,0,,0,0,0,4
600,1,1954,62,6,8,3,1,1,1,0,1,1,1,0,0,1,1,7
638,1,1952,64,6,8,3,1,1,,1,1,,1,,1,0,1,5
667,1,1956,60,6,8,2,1,1,0,1,1,1,1,1,0,1,1,5
675,1,1953,63,6,4,2,1,1,0,1,1,,1,0,0,1,1,7
689,1,1956,60,6,4,3,3,1,0,1,1,1,1,0,0,1,1,8
713,1,1956,60,6,4,2,2,1,0,0,1,0,1,1,1,1,1,4
721,1,1955,61,6,4,3,1,0,1,0,1,0,0,1,1,0,1,0
733,1,1952,64,6,4,4,1,1,0,1,1,1,0,0,0,,1,9
745,1,1951,65,6,4,3,1,1,0,,1,0,0,1,0,0,1,5
746,1,1953,63,6,8,2,1,1,1,1,1,1,0,0,0,0,1,10
757,1,1955,61,6,8,4,1,1,0,1,1,1,1,0,0,1,1,7
799,1,1950,66,6,8,4,1,0,1,0,1,1,1,0,0,1,0,6
891,1,1947,69,6,8,1,1,1,,,1,0,,,,0,,6
19,2,1953,63,6,8,2,1,1,0,1,0,0,0,1,1,0,0,0
47,2,1954,62,6,4,2,1,,0,,,0,1,,1,0,0,4
79,2,1952,64,6,8,2,1,1,0,1,1,0,0,1,0,0,1,10
101,2,1956,60,6,4,2,2,1,0,,,,,,,,,4
110,2,1955,61,6,8,2,1,1,0,0,1,0,1,1,0,1,1,4
122,2,1955,61,6,8,2,3,0,,0,0,1,1,1,1,0,1,3
126,2,1938,78,6,8,2,3,,1,0,0,0,1,1,1,0,1,4
135,2,1948,68,6,8,2,1,,,,1,,1,,0,,1,7
146,2,1953,63,6,8,2,1,1,0,1,1,0,1,0,0,,0,5
310,2,1944,72,6,8,1,1,1,0,,1,0,1,0,1,0,1,5
737,2,1949,67,6,8,4,1,1,0,1,1,,1,0,0,1,1,8
943,2,1937,79,6,4,1,1,0,1,0,1,0,0,1,1,0,1,3
254,1,1964,52,5,8,5,1,1,0,1,1,0,0,1,0,1,1,8
265,1,1962,54,5,8,4,1,1,0,1,1,0,0,0,0,1,1,5
270,1,1963,53,5,8,2,1,1,0,0,0,0,1,1,1,0,0,7
273,1,1960,56,5,8,2,1,1,0,1,1,0,0,0,0,0,1,5
275,1,1965,51,5,8,2,1,1,1,0,0,0,1,1,0,0,1,4
284,1,1963,53,5,8,4,8,1,1,1,1,1,0,0,0,1,1,6
308,1,1963,53,5,8,3,1,0,1,0,1,0,0,0,0,0,1,5
322,1,1962,54,5,4,4,1,0,1,0,0,0,0,1,1,0,1,2
330,1,1964,52,5,8,2,2,1,0,0,0,0,1,1,0,0,1,5
336,1,1966,50,5,8,2,1,1,0,1,1,0,1,0,1,0,1,9
338,1,1966,50,5,4,2,1,,0,1,0,0,0,0,1,0,1,4
340,1,1964,52,5,8,4,2,1,1,1,1,0,1,1,0,0,1,7
351,1,1962,54,5,8,4,1,1,0,1,1,1,1,0,0,1,1,7
437,1,1962,54,5,8,4,3,1,0,0,1,0,0,1,0,0,1,5
439,1,1966,50,5,8,4,1,0,1,0,1,0,1,0,0,0,1,3
458,1,1966,50,5,8,4,1,0,,0,1,0,1,1,,,,3
550,1,1966,50,5,4,4,1,0,0,0,1,0,1,1,1,0,1,3
556,1,1957,59,5,8,4,1,1,1,1,1,0,1,0,0,1,1,7
557,1,1966,50,5,8,2,1,0,1,0,1,0,0,,1,0,0,5
590,1,1957,59,5,8,2,7,1,1,0,1,0,1,0,0,1,1,9
598,1,1957,59,5,4,4,1,0,1,0,1,0,0,0,0,0,1,3
608,1,1966,50,5,8,4,1,1,1,0,1,0,1,1,1,0,1,4
649,1,1957,59,5,8,5,1,0,0,0,1,0,1,0,0,0,1,3
659,1,1966,50,5,8,2,1,1,0,1,1,0,1,1,0,1,1,10
660,1,1966,50,5,4,4,1,1,0,0,1,1,0,,1,0,0,6
710,1,1957,59,5,8,1,2,0,1,0,1,0,0,0,0,0,1,1
722,1,1957,59,5,8,2,1,1,1,0,1,0,0,0,0,1,1,5
740,1,1966,50,5,8,2,1,1,1,0,0,1,1,0,0,0,1,5
766,1,1966,50,5,4,4,1,0,0,,1,0,1,0,1,0,1,6
771,1,1966,50,5,8,5,1,1,1,1,1,0,1,0,1,1,1,7
798,1,1966,50,5,4,3,1,0,1,0,1,0,0,1,1,0,0,3
802,1,1966,50,5,4,2,2,0,1,0,1,0,0,0,,0,1,3
819,1,1966,50,5,8,4,5,1,1,1,1,0,0,,1,0,1,7
962,1,1966,50,5,8,5,1,1,0,1,1,0,1,0,0,0,1,7
1024,1,1961,55,5,8,3,1,1,0,1,1,1,1,0,0,1,1,8
1044,1,1966,50,5,8,2,1,0,0,0,1,0,0,0,0,0,1,3
1,2,1958,58,5,8,2,1,,0,0,1,,0,,0,0,0,4
2,2,1961,55,5,4,2,1,1,0,,,1,0,,0,0,0,8
4,2,1960,56,5,4,2,1,1,0,1,1,,,0,1,1,,5
5,2,1961,55,5,8,5,1,0,1,0,0,0,0,0,1,0,1,3
10,2,1960,56,5,8,3,3,1,0,1,1,1,0,0,0,1,1,5
15,2,1959,57,5,8,2,1,1,0,,0,,,,1,,1,3
17,2,1960,56,5,8,2,1,,1,,1,,1,1,1,0,1,5
27,2,1959,57,5,8,4,3,1,0,1,0,,,1,1,1,1,5
28,2,1961,55,5,8,4,1,1,0,1,1,1,1,0,0,1,1,8
44,2,1961,55,5,4,2,1,,,,,,,,0,1,1,5
45,2,1959,57,5,8,2,2,1,0,1,1,1,0,,0,1,,3
63,2,1959,57,5,8,2,1,,,1,,0,1,1,1,1,,10
64,2,1957,59,5,8,2,2,0,1,0,0,0,1,1,1,0,1,8
105,2,1957,59,5,8,2,1,1,1,0,0,0,0,0,,0,1,5
109,2,1964,52,5,8,2,1,0,1,0,0,0,0,1,1,0,1,3
117,2,1960,56,5,4,2,1,1,,1,1,0,0,,,,0,5
132,2,1959,57,5,4,2,1,,1,,1,0,0,0,,0,,4
159,2,1961,55,5,4,3,1,,0,0,1,0,0,0,1,0,,0
172,2,1957,59,5,8,5,1,1,0,1,1,0,1,0,0,1,0,8
174,2,1959,57,5,8,5,10,,,,,,,,,,,9
181,2,1960,56,5,8,2,1,,0,0,1,,0,0,0,0,1,0
220,2,1964,52,5,4,2,2,,,0,0,,,1,,0,1,5
370,2,1963,53,5,4,3,1,,,1,1,0,0,0,0,0,1,5
497,2,1965,51,5,8,4,10,1,1,,1,0,1,,1,0,,5
498,2,1963,53,5,8,1,1,,1,,1,,0,,,0,1,5
724,2,1966,50,5,4,2,1,1,,1,1,,0,,0,0,0,6
431,1,1974,42,4,4,2,2,1,1,,1,,1,,0,0,0,5
554,1,1967,49,4,4,3,1,1,0,1,1,1,1,0,0,0,1,6
593,1,1972,44,4,8,2,1,0,1,0,1,,0,1,1,0,1,4
618,1,1969,47,4,8,4,1,1,0,1,1,,1,,,,1,7
635,1,1967,49,4,4,2,1,,,,,,,,,,,5
639,1,1968,48,4,8,2,1,0,1,0,1,0,0,1,1,0,0,1
662,1,1971,45,4,8,4,1,1,1,1,1,1,0,0,0,1,0,7
666,1,1972,44,4,8,4,1,,1,,,,0,,,0,1,5
668,1,1975,41,4,8,4,2,0,,0,1,0,,1,1,0,1,5
674,1,1967,49,4,8,4,5,0,1,1,1,0,1,1,1,0,1,3
700,1,1969,47,4,4,3,1,0,1,1,1,1,,0,1,,1,7
711,1,1967,49,4,8,4,1,0,1,0,0,,0,,0,0,0,6
720,1,1970,46,4,4,3,1,0,1,0,,0,0,1,1,0,0,3
741,1,1968,48,4,8,2,1,1,1,1,1,1,0,1,1,0,1,4
749,1,1967,49,4,8,4,1,0,1,0,1,0,0,1,1,0,1,0
752,1,1968,48,4,8,4,1,1,1,1,1,0,1,0,0,0,1,7
760,1,1975,41,4,8,2,1,1,1,1,1,0,0,0,1,0,1,5
770,1,1969,47,4,8,2,1,1,0,,1,0,,,,0,1,5
773,1,1967,49,4,4,4,3,,1,,1,0,,,,0,1,5
779,1,1974,42,4,8,2,1,1,1,1,1,0,1,0,0,0,1,5
794,1,1967,49,4,8,5,1,1,1,1,1,,0,0,0,,0,6
800,1,1976,40,4,8,4,1,1,0,0,1,,1,0,0,0,1,8
828,1,1968,48,4,8,2,2,0,1,0,0,0,0,1,1,0,1,5
829,1,1967,49,4,8,5,6,0,1,0,0,0,0,1,1,0,0,2
835,1,1969,47,4,4,3,1,,1,0,1,0,0,1,1,0,1,4
842,1,1970,46,4,8,2,1,1,0,1,1,1,,0,0,1,1,6
871,1,1967,49,4,8,2,1,1,,1,1,0,,1,0,0,0,7
887,1,1971,45,4,8,2,1,0,0,1,1,,0,,1,0,1,1
895,1,1974,42,4,8,4,1,1,1,0,1,0,0,1,1,0,1,5
900,1,1970,46,4,4,5,1,1,1,1,0,1,0,0,1,0,1,5
902,1,1972,44,4,8,3,2,,,,1,,,,0,0,1,5
907,1,1969,47,4,4,4,1,1,0,1,1,,0,,,0,1,5
908,1,1969,47,4,4,3,1,0,1,0,0,0,0,1,1,0,0,3
914,1,1967,49,4,8,4,1,1,0,1,1,1,1,0,0,1,1,6
935,1,1969,47,4,4,2,2,0,,,,,,,,,,5
939,1,1969,47,4,8,2,1,1,0,0,0,0,0,,,0,1,5
946,1,1970,46,4,8,5,9,,0,,,,0,,0,,0,5
954,1,1974,42,4,8,4,1,0,1,0,1,0,,0,,0,1,3
957,1,1969,47,4,4,2,2,0,,,,,,,,,,5
970,1,1971,45,4,8,4,4,1,0,1,0,1,1,0,0,1,1,10
993,1,1970,46,4,4,2,1,1,1,1,1,0,,0,1,0,0,5
1002,1,1971,45,4,8,3,1,0,0,0,1,0,0,1,1,0,1,7
1005,1,1975,41,4,8,4,1,1,0,1,1,0,1,0,0,0,1,6
1019,1,1973,43,4,8,2,1,,1,1,1,,,,0,1,,5
1037,1,1976,40,4,4,2,1,1,1,0,0,0,0,1,0,0,0,4
1052,1,1974,42,4,8,2,1,0,0,0,,0,0,,0,0,1,5
115,2,1975,41,4,8,5,1,1,,1,0,0,0,,0,0,1,5
149,2,1967,49,4,8,4,1,1,1,1,1,,1,0,,0,1,7
158,2,1968,48,4,8,4,3,1,1,0,0,0,1,0,1,0,1,5
193,2,1969,47,4,8,2,1,0,1,0,0,0,0,1,0,0,1,5
213,2,1968,48,4,4,5,1,0,0,1,1,0,1,0,0,0,1,5
214,2,1968,48,4,4,1,1,1,0,,,,1,,0,1,1,5
224,2,1975,41,4,8,3,1,0,0,1,,0,,1,0,0,1,5
225,2,1971,45,4,8,3,1,0,1,0,1,,1,0,0,0,1,5
274,2,1975,41,4,8,2,3,1,1,0,1,1,0,0,0,0,,5
286,2,1972,44,4,8,2,1,0,1,,1,,0,,1,,1,5
303,2,1969,47,4,8,4,1,1,1,1,1,0,0,0,0,0,1,10
333,2,1968,48,4,4,2,1,1,1,1,,,,,0,,,4
390,2,1973,43,4,8,3,2,1,,,,1,0,1,1,0,1,5
393,2,1967,49,4,4,2,1,1,0,1,1,0,0,0,0,0,1,5
408,2,1968,48,4,4,2,1,0,1,0,0,0,0,0,1,1,,1
463,2,1968,48,4,4,4,1,0,1,0,1,0,0,0,1,0,1,1
469,2,1975,41,4,4,2,1,,,,,0,0,,,0,1,2
507,2,1968,48,4,8,4,1,1,1,0,1,1,0,1,0,0,1,3
566,2,1970,46,4,8,2,3,0,1,1,1,0,1,1,1,0,1,2
574,2,1968,48,4,4,4,4,0,1,0,1,0,0,1,1,0,1,2
609,2,1967,49,4,8,2,5,,,,,,0,,,0,,5
672,2,1967,49,4,8,3,7,,0,,,1,0,,0,1,,5
765,2,1976,40,4,8,4,1,1,0,1,1,1,0,0,0,0,1,4
775,2,1967,49,4,8,3,1,1,0,1,,,,1,0,1,1,10
790,2,1968,48,4,4,2,1,0,1,0,0,,0,0,0,0,0,2
803,2,1968,48,4,4,3,1,0,1,0,0,0,0,0,1,0,1,4
812,2,1972,44,4,8,3,1,1,0,0,1,0,0,1,1,0,1,5
814,2,1970,46,4,8,4,1,,,,,,0,,,,,5
825,2,1975,41,4,8,4,6,1,0,1,1,1,1,1,1,1,1,2
933,2,1969,47,4,8,4,1,,,1,1,0,1,1,1,0,1,5
941,2,1972,44,4,8,2,1,1,0,0,0,0,0,1,0,0,1,3
983,2,1969,47,4,8,2,1,,,,,1,1,1,1,0,1,3
1007,2,1973,43,4,8,2,1,0,0,1,1,0,0,0,0,1,1,5
1042,2,1970,46,4,8,2,12,1,1,1,0,0,0,1,0,0,1,7
1050,2,1973,43,4,8,4,1,1,1,0,1,0,0,0,1,0,0,4
382,1,1984,32,3,8,4,1,1,1,,1,,0,,0,,1,5
395,1,1979,37,3,4,5,1,1,1,0,1,0,1,0,0,0,1,4
396,1,1982,34,3,4,2,1,0,0,0,0,1,1,1,1,,,4
404,1,1979,37,3,8,2,1,0,1,,1,0,0,,0,0,0,3
412,1,1978,38,3,8,3,1,1,1,1,0,0,1,1,0,0,1,7
426,1,1986,30,3,8,4,3,,1,0,,0,0,1,1,0,0,4
427,1,1977,39,3,8,4,1,,1,1,1,0,,,,0,1,3
430,1,1979,37,3,8,3,1,0,0,0,0,0,1,0,0,0,1,5
440,1,1986,30,3,8,4,4,0,1,0,,0,0,,1,0,0,5
446,1,1984,32,3,8,4,1,0,1,1,1,0,0,0,0,0,1,4
455,1,1986,30,3,4,3,1,1,,,1,,0,,,0,1,0
522,1,1979,37,3,8,3,1,1,1,0,0,1,0,0,1,0,1,6
527,1,1986,30,3,8,3,2,0,1,0,0,0,0,,1,0,1,0
533,1,1977,39,3,8,5,1,0,1,1,1,0,1,1,0,1,1,6
615,1,1979,37,3,8,4,3,0,1,,1,0,0,0,1,0,,4
632,1,1978,38,3,8,4,1,1,1,1,1,1,1,0,0,0,1,7
680,1,1985,31,3,8,2,1,0,0,0,0,,0,,1,0,1,5
693,1,1986,30,3,8,4,1,0,1,0,,0,0,1,1,0,1,2
804,1,1980,36,3,4,3,1,0,0,0,0,,1,1,0,0,1,7
808,1,1985,31,3,8,2,1,,,,,0,0,1,1,0,1,1
859,1,1982,34,3,8,5,1,1,1,,1,1,0,0,1,0,1,9
875,1,1979,37,3,8,5,1,0,0,0,1,0,0,,0,0,1,3
917,1,1981,35,3,8,2,2,1,,1,1,,0,,0,1,0,7
923,1,1986,30,3,8,4,1,0,0,1,,0,0,,0,0,1,10
925,1,1984,32,3,4,2,1,1,1,0,0,0,0,0,1,1,0,5
937,1,1985,31,3,4,3,2,1,0,1,1,0,0,1,0,0,1,7
959,1,1983,33,3,8,3,1,0,1,0,0,0,0,1,0,0,1,1
1001,1,1977,39,3,8,4,1,,,0,1,0,1,0,1,0,1,4
1006,1,1986,30,3,4,1,1,0,1,0,1,0,0,1,1,0,1,1
1008,1,1980,36,3,8,2,1,1,1,1,1,1,,,1,1,1,10
1010,1,1984,32,3,8,2,1,1,1,1,1,,0,1,0,0,1,4
1022,1,1979,37,3,8,4,1,0,1,0,1,,0,,1,0,0,3
1028,1,1982,34,3,8,2,1,1,0,,1,0,0,,0,0,1,5
1031,1,1978,38,3,4,4,2,1,1,0,1,0,0,1,1,0,0,4
1033,1,1982,34,3,8,2,2,1,1,,1,0,0,1,1,0,0,1
257,2,1981,35,3,8,3,1,,0,,,,0,0,0,1,1,7
279,2,1979,37,3,8,4,1,0,1,0,0,0,0,1,1,0,0,2
283,2,1977,39,3,8,3,1,1,0,0,1,0,0,,1,0,1,6
314,2,1983,33,3,8,2,1,,,,,,0,,1,0,1,6
335,2,1986,30,3,8,4,1,1,,1,1,0,,0,1,0,1,7
352,2,1977,39,3,8,4,1,1,0,,1,,0,,1,0,1,5
353,2,1983,33,3,8,3,1,1,1,,1,0,1,,0,0,1,3
361,2,1979,37,3,8,2,1,1,0,0,0,0,1,0,0,0,1,5
398,2,1984,32,3,8,2,2,1,1,0,0,0,0,0,0,0,1,3
411,2,1986,30,3,8,4,4,0,1,0,0,0,1,,1,0,1,3
464,2,1978,38,3,8,2,1,1,,,1,0,0,,0,0,,5
466,2,1980,36,3,8,3,1,,1,1,,,0,1,1,0,,5
472,2,1981,35,3,8,2,1,,,,,1,,,,,,4
501,2,1985,31,3,8,2,1,,0,,,,0,,,0,1,1
502,2,1981,35,3,8,3,1,0,0,0,0,0,0,1,1,0,1,4
508,2,1986,30,3,4,3,1,1,,,1,1,0,1,1,0,1,5
552,2,1982,34,3,8,4,1,,1,1,1,1,1,,0,0,0,6
570,2,1980,36,3,8,2,1,1,0,1,0,1,1,1,1,0,1,5
573,2,1981,35,3,4,3,3,,0,0,1,0,0,,,0,1,5
578,2,1977,39,3,8,2,1,0,0,,0,1,0,1,1,0,,5
586,2,1983,33,3,8,2,1,1,1,1,1,0,0,,1,0,1,5
595,2,1982,34,3,8,2,1,,1,,,1,1,1,1,0,1,0
657,2,1977,39,3,8,2,1,,0,,,,1,,1,0,1,3
695,2,1985,31,3,8,2,1,1,0,1,1,0,0,0,1,0,1,0
716,2,1980,36,3,8,2,1,1,1,0,1,,0,0,0,0,1,4
874,2,1981,35,3,8,2,1,1,0,1,1,0,1,0,0,1,1,7
878,2,1984,32,3,8,3,1,0,1,0,0,1,0,0,0,0,1,3
905,2,1985,31,3,8,4,1,0,1,0,1,0,0,1,1,0,1,4
920,2,1981,35,3,8,2,1,0,0,0,0,0,0,1,0,0,1,2
921,2,1979,37,3,4,3,1,1,1,0,0,1,0,1,1,0,0,3
942,2,1977,39,3,8,2,1,1,0,1,1,0,1,0,0,1,1,8
964,2,1977,39,3,8,2,12,0,1,0,,0,0,0,0,0,1,2
355,1,1989,27,2,8,2,1,0,,0,1,0,0,1,1,0,1,5
359,1,1987,29,2,8,2,1,1,1,1,0,1,0,0,0,1,0,9
373,1,1991,25,2,8,1,1,0,1,1,1,0,0,0,0,0,1,5
377,1,1991,25,2,8,4,2,0,,0,0,0,0,0,1,0,0,3
388,1,1993,23,2,8,4,5,1,0,0,0,1,1,0,1,1,0,5
442,1,1988,28,2,8,4,1,0,0,0,0,0,1,1,1,1,0,3
445,1,1990,26,2,4,3,15,1,1,0,1,0,0,0,0,0,0,5
460,1,1989,27,2,4,5,11,,,,,,,1,1,1,,4
462,1,1996,20,2,8,4,1,0,0,0,0,0,1,0,1,1,,6
470,1,1993,23,2,4,2,1,1,,1,1,0,0,0,0,0,1,6
481,1,1987,29,2,8,4,10,1,1,0,0,0,0,0,1,0,1,0
486,1,1992,24,2,8,4,1,,1,,0,,0,1,1,0,0,4
504,1,1989,27,2,8,2,1,0,1,1,1,0,0,0,0,0,1,5
505,1,1989,27,2,4,3,1,0,0,0,1,0,1,0,0,0,1,8
546,1,1994,22,2,8,2,1,1,1,1,0,0,0,0,0,0,1,5
617,1,1989,27,2,4,3,1,1,0,1,1,0,,,1,0,,4
630,1,1994,22,2,8,4,1,0,0,1,1,1,0,,1,0,1,3
631,1,1987,29,2,8,4,1,1,1,0,0,0,0,1,0,0,0,4
642,1,1990,26,2,4,2,1,0,1,1,1,0,0,0,0,0,1,10
673,1,1993,23,2,8,4,1,,0,1,1,0,0,0,0,1,1,6
677,1,1988,28,2,4,4,1,0,1,0,,0,,,1,0,1,4
691,1,1988,28,2,4,2,1,1,0,0,1,1,0,0,1,1,1,8
778,1,1988,28,2,8,2,3,0,,0,1,0,0,0,1,0,1,3
841,1,1996,20,2,8,2,1,,,,,,,,,,,5
888,1,1990,26,2,8,4,1,,0,0,1,0,1,0,1,,0,4
898,1,1987,29,2,8,3,1,,0,0,,,,,1,0,1,5
926,1,1989,27,2,8,4,1,0,1,1,0,0,0,0,0,0,1,7
929,1,1991,25,2,8,3,14,0,1,0,1,,0,0,1,0,1,7
930,1,1989,27,2,4,3,1,1,,1,1,,0,,1,0,1,5
958,1,1995,21,2,4,3,1,0,0,,0,,,,1,,1,4
979,1,1992,24,2,8,2,1,,1,1,1,,0,,1,0,,5
992,1,1989,27,2,8,2,15,0,1,0,0,0,0,0,1,0,1,0
1040,1,1995,21,2,8,2,1,,,,,,,,,,,5
1049,1,1992,24,2,8,2,1,,,,,0,,,,0,,5
1051,1,1988,28,2,8,3,1,1,1,1,1,,0,,1,0,1,5
266,2,1996,20,2,8,2,1,,,1,1,0,0,,1,0,1,6
304,2,1995,21,2,8,4,1,,,,,,,,1,1,0,4
309,2,1988,28,2,8,3,2,1,0,1,1,0,0,1,1,0,0,5
311,2,1994,22,2,4,2,4,,1,1,,0,0,,0,0,1,6
320,2,1995,21,2,8,3,1,1,1,,1,0,0,0,1,0,1,2
337,2,1995,21,2,4,3,1,1,1,0,0,1,,0,0,1,0,6
347,2,1991,25,2,8,3,1,1,0,1,0,0,,0,0,1,,4
369,2,1993,23,2,4,3,1,0,,0,1,1,0,,1,0,1,5
378,2,1989,27,2,8,2,7,1,0,0,0,1,1,,,,0,2
387,2,1993,23,2,8,2,1,,0,,1,0,0,,0,0,1,4
414,2,1994,22,2,4,2,1,0,0,0,,,0,,0,1,,7
429,2,1993,23,2,8,5,1,,1,0,,0,0,,1,0,,6
453,2,1996,20,2,8,3,1,1,,,,,0,,,0,1,5
473,2,1989,27,2,4,3,1,,,,,,,,0,0,1,7
488,2,1990,26,2,8,4,1,,1,,1,0,,1,0,0,1,6
514,2,1996,20,2,8,2,1,1,1,0,0,,0,1,0,0,1,6
526,2,1995,21,2,8,2,7,0,1,0,0,1,1,1,1,1,0,1
599,2,1991,25,2,4,2,1,,0,0,,0,0,,0,0,1,3
839,2,1994,22,2,4,3,2,,,,,,,,,,,0
847,2,1992,24,2,8,3,1,,,,,,,,,0,,5
850,2,1987,29,2,4,2,1,0,0,0,1,0,1,1,1,,,7
883,2,1989,27,2,8,3,1,1,1,,1,0,0,,1,0,1,5
886,2,1993,23,2,8,4,1,,1,0,0,0,0,1,1,0,1,4
896,2,1995,21,2,8,2,1,0,1,0,0,1,0,1,1,0,0,4
936,2,1989,27,2,4,2,1,1,0,0,0,1,1,1,1,1,0,2
944,2,1989,27,2,8,2,1,,1,,1,,0,,1,0,1,7
949,2,1995,21,2,8,2,1,,,,,,,,,,,4
968,2,1991,25,2,4,3,1,1,0,,1,0,0,1,0,0,1,5
976,2,1989,27,2,4,2,1,,,,,1,1,1,1,1,0,3
977,2,1991,25,2,4,4,1,1,1,0,1,1,0,0,0,0,1,2
985,2,1995,21,2,8,3,10,0,0,0,0,0,0,1,1,0,1,5
1054,2,1991,25,2,4,2,1,1,0,1,0,0,0,1,0,1,0,2
670,1,1953,63,6,9,2,1,1,0,1,1,0,1,0,0,1,1,8
707,2,1955,61,6,9,2,1,1,0,1,0,1,1,0,0,1,1,6
206,1,1962,54,5,9,4,1,0,1,0,0,0,0,0,0,1,1,3
251,1,1964,52,5,9,2,2,,0,1,1,,0,0,0,0,0,5
334,1,1958,58,5,9,1,1,0,,0,0,0,0,0,,0,,0
647,1,1964,52,5,9,2,1,0,,1,,0,,,0,0,,4
719,1,1966,50,5,9,4,1,0,1,1,1,,0,1,0,0,0,4
20,2,1957,59,5,9,2,1,1,0,1,1,,1,0,0,1,1,9
230,1,1975,41,4,9,4,3,0,1,0,0,0,0,1,1,0,0,4
364,1,1967,49,4,9,4,1,,0,0,0,0,1,0,0,0,1,5
312,2,1967,49,4,9,4,3,0,1,0,0,0,0,1,1,0,0,4
487,1,1979,37,3,9,4,1,,0,0,1,0,1,1,0,0,1,3
161,2,1979,37,3,9,4,3,0,0,0,1,0,0,1,0,0,1,5
422,2,1986,30,3,9,4,1,,,,,,,,,0,1,5
252,1,1996,20,2,9,4,1,,1,1,,0,0,,1,,,5
291,2,1996,20,2,9,3,1,,,,1,,0,,1,0,1,5
644,2,1988,28,2,9,5,14,1,,,,,0,0,,,1,5
797,2,1989,27,2,9,3,6,,1,,,0,,0,0,0,1,7
11,1,1955,61,6,11,4,1,1,0,1,1,,1,1,1,1,1,10
53,1,1949,67,6,6,2,1,1,1,1,1,1,1,0,0,1,1,10
62,1,1952,64,6,6,1,1,1,,,,,1,0,1,1,1,5
176,1,1955,61,6,11,5,1,1,0,1,1,,1,0,0,1,1,7
190,1,1954,62,6,10,3,1,0,1,1,1,1,0,0,0,1,1,4
249,1,1952,64,6,6,3,3,1,0,1,1,0,1,0,0,1,1,10
290,1,1956,60,6,6,2,1,1,0,0,1,0,,0,0,0,1,7
503,1,1953,63,6,17,4,1,1,0,1,1,,1,0,0,,1,8
640,1,1953,63,6,11,4,1,0,1,0,0,0,0,1,0,0,1,8
681,1,1950,66,6,6,2,1,1,0,1,1,,1,0,0,1,1,10
688,1,1954,62,6,11,4,1,0,1,0,1,0,0,0,0,1,0,4
58,2,1956,60,6,11,1,1,,0,,,,,,1,0,1,5
233,2,1955,61,6,11,1,1,1,0,0,1,0,0,0,1,0,1,5
142,1,1966,50,5,6,4,1,1,0,1,1,0,1,1,0,0,1,3
180,1,1957,59,5,6,4,4,1,0,0,1,1,1,0,0,1,1,6
183,1,1965,51,5,6,4,1,0,1,0,1,,0,1,1,0,0,5
198,1,1964,52,5,6,4,1,1,0,1,1,0,1,1,0,0,1,10
205,1,1963,53,5,10,5,2,1,1,0,0,0,1,0,0,1,1,6
231,1,1958,58,5,6,4,1,1,,0,0,0,1,0,0,0,0,6
299,1,1964,52,5,11,4,1,0,1,1,1,0,0,0,1,0,0,4
676,1,1966,50,5,6,3,1,1,1,1,1,0,0,0,0,0,1,5
696,1,1966,50,5,10,2,3,1,0,0,1,,0,1,1,0,0,5
869,1,1965,51,5,6,4,2,1,0,1,1,1,0,1,1,1,1,5
22,2,1963,53,5,6,2,1,1,,1,1,0,0,,0,0,1,4
108,2,1966,50,5,6,3,2,1,,,,,0,,1,0,1,5
150,2,1962,54,5,10,2,3,0,1,0,,0,0,1,1,0,,7
191,2,1961,55,5,11,4,1,0,,1,0,,0,1,0,0,0,2
367,2,1966,50,5,11,2,6,,1,1,1,0,,,1,1,0,5
769,2,1966,50,5,17,4,15,1,,0,0,0,0,1,1,0,1,5
399,1,1967,49,4,11,2,1,0,0,0,0,1,,1,1,0,1,6
407,1,1973,43,4,11,3,1,0,0,0,0,0,1,1,1,0,1,4
419,1,1974,42,4,6,4,1,0,1,0,0,0,0,1,1,0,1,4
482,1,1971,45,4,6,3,1,0,1,0,,0,0,1,,0,0,3
495,1,1967,49,4,6,4,1,0,1,0,0,0,1,1,1,0,1,3
616,1,1971,45,4,6,3,1,1,1,1,1,0,1,0,0,,1,7
678,1,1967,49,4,11,4,1,,,,,0,0,,1,0,,5
684,1,1968,48,4,6,2,4,,0,1,1,0,0,0,0,0,1,6
708,1,1967,49,4,11,5,1,1,0,1,1,,1,1,0,1,1,5
729,1,1973,43,4,6,4,4,1,1,1,1,,0,,0,0,1,6
743,1,1967,49,4,11,3,1,1,0,0,0,0,0,0,0,0,1,4
903,1,1975,41,4,6,3,1,0,1,0,0,0,0,,1,0,1,5
906,1,1973,43,4,11,2,1,,,,,,,,,,,5
492,2,1971,45,4,10,4,1,1,0,0,0,0,,1,0,0,1,5
580,2,1967,49,4,6,4,1,1,1,0,1,0,0,1,1,0,1,1
596,2,1971,45,4,6,4,3,,0,,,0,0,1,,0,1,5
628,2,1967,49,4,11,2,1,0,1,0,0,0,1,0,1,0,1,2
754,2,1967,49,4,6,4,1,,,0,,0,,0,0,0,,5
795,2,1970,46,4,6,2,12,1,,1,0,,0,1,,0,0,5
815,2,1967,49,4,11,4,1,1,0,1,1,,0,0,1,1,1,5
867,2,1970,46,4,6,3,1,1,,,1,0,0,0,1,0,0,6
881,2,1976,40,4,6,3,1,1,1,,0,0,0,1,1,0,1,5
1027,2,1968,48,4,6,2,1,1,1,1,0,0,0,1,1,0,1,5
242,1,1978,38,3,11,4,1,0,0,0,1,0,0,1,1,0,1,5
271,1,1983,33,3,6,3,1,,,,,,,,,,,1
371,1,1981,35,3,6,4,1,,1,,,,0,,0,0,,6
401,1,1985,31,3,11,4,1,1,,,1,,0,,0,,1,7
467,1,1980,36,3,6,5,10,,,,,,,,,,,4
509,1,1985,31,3,6,2,1,1,1,1,,0,0,,,0,1,5
569,1,1983,33,3,11,4,1,1,1,0,0,0,0,1,1,0,1,5
592,1,1982,34,3,6,2,1,,,1,1,,,,1,0,1,3
732,1,1984,32,3,6,3,1,0,0,0,0,1,1,1,1,,,3
990,1,1984,32,3,6,3,1,1,1,1,1,,0,0,0,0,1,5
545,2,1983,33,3,11,4,2,1,1,1,1,0,0,0,1,0,1,3
553,2,1984,32,3,11,1,1,1,0,0,0,0,,,,1,,5
567,2,1982,34,3,17,4,1,,1,0,1,0,0,,1,0,1,4
717,2,1980,36,3,6,4,1,1,,,,0,1,,1,0,1,3
837,2,1984,32,3,6,3,1,1,,1,1,,0,0,0,0,1,5
848,2,1985,31,3,11,1,7,0,0,1,0,0,0,0,0,1,1,6
864,2,1980,36,3,6,3,1,1,1,1,1,0,0,0,0,0,1,10
880,2,1979,37,3,6,4,2,1,0,1,0,1,0,1,0,0,1,5
991,2,1982,34,3,11,2,1,0,0,0,,1,0,,0,0,1,3
227,1,1988,28,2,6,3,1,1,0,1,1,0,0,0,0,0,1,3
287,1,1996,20,2,6,2,1,0,1,1,1,,,,1,0,1,3
315,1,1988,28,2,11,4,1,1,0,,1,,0,1,0,0,1,8
332,1,1988,28,2,11,4,1,1,0,,1,,0,1,1,0,1,8
450,1,1993,23,2,6,2,1,0,,0,0,,0,1,1,0,1,3
452,1,1989,27,2,6,4,1,0,0,1,0,0,0,1,1,0,,5
535,1,1987,29,2,11,4,1,,,,,0,,1,,0,1,5
753,1,1988,28,2,11,4,2,1,0,1,1,0,0,0,0,0,1,5
785,1,1991,25,2,6,2,1,0,0,,1,,0,0,1,0,,6
885,1,1987,29,2,11,2,1,1,1,1,1,0,1,0,0,0,1,7
893,1,1994,22,2,11,2,1,1,0,1,1,1,0,1,0,1,1,8
212,2,1991,25,2,11,2,1,0,1,0,0,1,1,1,1,0,1,10
218,2,1992,24,2,11,3,1,,,,0,0,0,1,1,0,1,8
262,2,1988,28,2,6,4,1,1,,1,1,0,1,1,1,1,1,4
280,2,1990,26,2,10,5,1,1,1,1,,0,0,,0,1,1,7
555,2,1995,21,2,6,4,1,,1,1,0,1,0,1,1,0,0,7
712,2,1987,29,2,6,2,1,,,,,,0,,1,0,1,5
784,2,1996,20,2,6,4,1,,1,0,0,0,0,,1,0,1,3
810,2,1991,25,2,11,2,1,1,0,,0,1,1,1,0,0,1,6
1048,2,1990,26,2,10,4,1,,,0,,,0,,1,0,1,5
3,1,1949,67,6,5,2,1,1,1,,,0,0,1,1,0,1,5
459,1,1956,60,6,12,1,1,0,1,0,1,0,0,1,1,0,1,5
531,1,1954,62,6,12,2,1,1,1,1,0,,1,0,0,0,1,5
65,2,1953,63,6,5,2,4,0,1,0,1,0,1,1,1,0,1,5
321,2,1956,60,6,12,2,1,,0,1,1,0,1,0,1,0,1,5
163,1,1966,50,5,13,4,1,1,0,1,1,,1,0,1,1,1,8
164,1,1965,51,5,12,5,6,0,1,0,0,0,0,1,1,0,0,3
235,1,1958,58,5,5,4,4,0,1,1,1,0,0,0,0,0,1,5
295,1,1958,58,5,13,2,1,0,1,0,1,1,0,0,0,0,1,6
349,1,1966,50,5,12,4,5,0,1,0,1,0,,0,0,0,1,2
374,1,1966,50,5,13,5,1,1,0,1,1,1,1,0,0,1,1,10
380,1,1966,50,5,13,2,1,1,0,1,1,1,1,0,0,1,1,9
400,1,1966,50,5,12,2,1,,1,0,0,0,0,0,0,0,0,3
560,1,1966,50,5,12,2,1,0,1,0,0,0,1,1,1,0,1,7
604,1,1965,51,5,12,4,1,0,1,0,0,0,0,1,1,0,1,3
822,1,1966,50,5,5,4,1,0,1,0,0,0,0,1,1,0,,4
93,2,1959,57,5,5,3,1,,0,0,1,0,0,1,1,0,1,5
148,2,1966,50,5,12,2,1,1,0,1,1,1,0,1,1,,0,3
167,2,1961,55,5,12,4,1,0,,0,,,1,1,0,0,1,5
234,2,1966,50,5,12,4,1,1,0,,0,0,0,1,0,0,0,6
247,2,1963,53,5,12,2,1,1,0,0,0,,0,1,1,0,1,2
365,2,1966,50,5,12,2,9,0,1,0,0,0,0,1,1,0,1,3
512,2,1965,51,5,13,5,1,1,1,1,0,,,1,1,0,,6
539,2,1965,51,5,13,4,1,0,1,0,,,,,1,0,0,5
211,1,1975,41,4,13,3,1,0,1,0,1,0,0,1,0,0,0,1
229,1,1969,47,4,13,3,1,,,,0,,,,1,,,7
238,1,1975,41,4,5,2,1,,,,1,0,0,,0,0,1,4
428,1,1973,43,4,12,3,1,,,1,1,0,1,0,0,0,1,4
479,1,1974,42,4,12,4,1,0,1,0,0,0,1,1,1,0,0,5
484,1,1976,40,4,12,4,5,0,1,0,0,0,0,1,1,0,0,5
694,1,1969,47,4,12,3,1,1,1,0,0,0,0,0,,0,0,5
723,1,1967,49,4,5,2,1,0,0,1,1,0,,0,0,0,1,7
793,1,1968,48,4,13,3,3,0,1,1,0,0,1,0,0,0,1,2
995,1,1976,40,4,5,2,2,1,0,1,1,1,1,0,0,1,0,4
1029,1,1971,45,4,5,4,1,,,,,0,0,,0,0,1,4
151,2,1972,44,4,5,2,2,,1,0,,0,0,,,0,1,5
160,2,1972,44,4,12,4,3,0,1,0,1,0,0,1,1,0,1,2
264,2,1970,46,4,12,2,3,,,0,,0,0,0,0,0,1,5
368,2,1971,45,4,12,4,1,,,,,0,,,,0,1,5
389,2,1972,44,4,5,2,1,1,1,0,0,1,1,,0,0,1,6
394,2,1967,49,4,12,4,1,1,0,,0,0,0,0,1,0,1,7
520,2,1967,49,4,13,2,1,,1,,,0,0,,,0,,5
641,2,1967,49,4,13,2,1,1,,,,0,0,,1,0,,5
960,2,1975,41,4,13,2,1,1,0,1,1,,1,1,0,0,1,10
651,1,1981,35,3,13,2,1,,1,0,,,,,1,0,1,4
706,1,1984,32,3,5,3,2,1,,0,,1,0,,1,0,0,5
813,1,1978,38,3,5,4,1,0,1,0,0,0,0,1,1,0,1,8
873,1,1981,35,3,5,4,2,0,1,0,1,0,0,1,1,0,0,3
876,1,1980,36,3,12,2,1,0,0,0,1,1,1,1,1,0,1,0
952,1,1981,35,3,5,4,1,0,1,0,1,0,0,1,1,0,1,2
1017,1,1980,36,3,5,3,1,,1,1,1,0,,1,1,0,,5
1034,1,1980,36,3,12,4,1,1,1,1,1,0,0,1,0,0,0,5
154,2,1983,33,3,12,4,4,,,,,0,0,,1,0,0,0
196,2,1986,30,3,5,4,1,0,1,0,0,,0,,1,0,1,3
350,2,1979,37,3,12,2,1,,1,0,0,0,,,1,0,1,4
537,2,1986,30,3,13,3,1,,,0,,0,0,,1,0,1,3
199,1,1990,26,2,12,2,3,1,0,1,1,,0,,0,0,1,5
226,1,1994,22,2,5,2,10,,1,0,0,,,1,1,1,1,6
305,1,1991,25,2,5,4,1,0,0,0,1,0,0,0,1,0,1,3
318,1,1988,28,2,5,2,4,1,1,,1,0,1,,0,0,,5
327,1,1987,29,2,12,2,3,1,0,1,,0,,0,0,1,1,9
392,1,1989,27,2,12,2,1,0,1,1,1,0,0,0,0,0,1,1
588,1,1994,22,2,12,4,15,,0,0,0,0,,1,1,1,0,6
862,1,1989,27,2,5,4,15,1,0,0,0,0,0,1,1,0,1,10
988,1,1991,25,2,5,4,1,0,1,0,,0,0,1,1,0,1,4
323,2,1991,25,2,12,2,1,,,,,,0,,1,0,1,6
421,2,1989,27,2,5,4,1,,,0,,,0,,1,0,1,2
528,2,1996,20,2,13,5,1,,,,,,0,,,,,0
816,2,1987,29,2,13,3,1,0,1,1,1,0,0,0,0,0,1,5
890,2,1994,22,2,13,2,1,,,,,,,,,,,5
894,2,1993,23,2,12,4,1,1,,0,1,,0,1,1,,1,6
965,2,1991,25,2,12,2,1,,,,,,,,,,,5
1000,2,1995,21,2,12,3,4,1,,,,,0,,1,0,1,6
31,1,1956,60,6,3,3,1,,,,,,,,,,,6
60,1,1950,66,6,14,2,1,1,0,1,1,,0,0,0,1,1,8
69,1,1948,68,6,3,4,1,,1,,0,0,0,1,1,0,0,2
342,1,1954,62,6,3,4,1,1,0,0,1,0,0,0,1,0,1,4
634,1,1952,64,6,14,2,1,1,0,1,1,0,1,1,0,1,1,10
736,1,1951,65,6,14,2,1,1,0,1,1,0,0,1,0,1,1,10
68,2,1956,60,6,3,2,1,1,1,,,0,,0,1,0,1,4
48,1,1960,56,5,3,3,1,1,0,1,1,1,0,0,0,1,1,8
185,1,1965,51,5,3,3,1,0,,,1,0,,1,1,0,0,2
197,1,1965,51,5,3,3,1,0,,1,1,0,0,1,1,0,0,3
248,1,1966,50,5,14,2,1,1,0,1,1,1,1,0,0,1,1,10
253,1,1963,53,5,3,2,2,1,0,1,1,0,0,1,,0,1,6
372,1,1965,51,5,14,2,2,1,0,1,1,0,0,1,0,0,1,7
425,1,1966,50,5,14,4,1,,1,,1,0,0,,1,0,1,5
475,1,1966,50,5,3,3,1,1,1,0,1,0,1,1,0,0,1,8
477,1,1966,50,5,14,4,1,1,,0,0,,0,1,1,0,1,5
587,1,1965,51,5,14,4,1,0,1,0,1,0,1,0,0,0,1,2
614,1,1966,50,5,14,2,6,1,0,0,0,0,1,1,1,0,1,3
653,1,1966,50,5,3,4,5,1,0,1,1,1,1,0,0,1,1,8
748,1,1965,51,5,3,5,1,1,0,1,1,1,1,0,0,1,1,5
781,1,1966,50,5,14,4,1,1,0,1,1,1,0,0,0,1,1,7
84,2,1961,55,5,14,2,1,,0,1,1,,0,1,0,0,1,5
104,2,1960,56,5,3,2,1,1,0,1,1,0,1,0,1,0,1,8
143,2,1964,52,5,14,2,1,1,0,1,1,,,0,,1,0,7
405,2,1966,50,5,14,3,1,0,1,0,0,0,,1,1,0,0,3
348,1,1974,42,4,3,4,6,,0,,0,0,1,0,1,0,1,5
409,1,1976,40,4,14,3,1,,1,1,1,,0,0,1,0,,3
485,1,1967,49,4,14,5,1,,0,1,1,0,1,0,0,,1,6
529,1,1968,48,4,14,2,1,,1,1,1,0,0,,0,0,1,4
577,1,1967,49,4,14,2,7,1,1,1,1,0,1,1,0,0,1,3
626,1,1974,42,4,3,4,1,1,0,1,1,0,0,0,0,1,1,6
738,1,1967,49,4,14,4,1,1,0,1,1,1,1,0,0,1,1,7
796,1,1967,49,4,3,5,1,1,0,1,1,1,1,0,0,1,1,9
807,1,1967,49,4,3,4,1,0,,0,,0,1,0,0,0,0,7
978,1,1968,48,4,3,3,1,1,0,0,1,0,0,1,0,0,1,7
207,2,1970,46,4,3,4,1,0,1,0,0,,0,,0,0,0,6
243,2,1970,46,4,14,2,1,1,1,1,1,,1,1,1,0,1,10
376,2,1971,45,4,3,3,1,0,0,0,1,0,0,0,1,0,1,8
438,2,1976,40,4,14,2,1,1,1,0,0,0,0,1,0,0,0,0
524,2,1967,49,4,14,4,1,1,0,1,1,,,0,0,1,1,8
624,2,1974,42,4,3,3,1,0,,0,0,1,0,0,1,0,1,0
671,2,1967,49,4,3,4,1,1,0,1,1,1,,0,0,1,1,5
744,2,1967,49,4,3,4,1,,0,1,1,,0,,1,0,,5
872,2,1971,45,4,14,2,1,,,0,,,0,,1,0,1,5
982,2,1974,42,4,3,3,1,,0,0,0,,1,0,1,0,0,6
236,1,1982,34,3,3,3,1,1,0,1,1,,0,,,0,1,5
240,1,1980,36,3,3,2,1,1,1,1,1,0,0,0,0,0,1,7
241,1,1980,36,3,3,2,1,0,0,1,1,,0,0,1,0,1,5
245,1,1981,35,3,14,2,1,1,0,1,1,0,1,0,0,0,1,10
250,1,1981,35,3,14,2,1,1,0,1,1,0,1,0,0,0,1,10
324,1,1986,30,3,3,3,5,,0,1,1,1,1,1,1,0,1,8
346,1,1983,33,3,14,3,1,1,1,,0,1,1,0,1,1,,7
360,1,1978,38,3,3,2,1,1,1,0,1,0,1,1,1,1,0,10
582,1,1981,35,3,14,2,2,1,0,1,,,,,1,0,,5
909,1,1977,39,3,14,4,1,0,,0,1,0,0,1,1,0,1,6
166,2,1981,35,3,3,3,2,,,0,,,0,1,,0,,3
184,2,1984,32,3,14,3,1,1,0,0,1,0,0,,0,0,1,0
194,2,1979,37,3,3,3,6,1,0,1,0,1,0,1,0,1,0,6
200,2,1986,30,3,14,2,1,1,1,0,,,0,,1,0,0,5
215,2,1981,35,3,3,4,3,,1,0,1,0,1,,1,0,1,3
317,2,1981,35,3,3,3,1,1,,1,1,,1,,1,0,0,5
449,2,1979,37,3,14,3,1,,1,0,,0,0,,1,0,,5
551,2,1981,35,3,14,2,2,,,1,1,,0,,,,1,5
931,2,1985,31,3,14,4,1,1,0,1,1,1,0,0,0,1,1,7
292,1,1988,28,2,14,4,1,,,,,,0,,0,1,1,6
356,1,1990,26,2,14,4,1,1,0,0,0,1,1,1,1,,,7
381,1,1996,20,2,3,2,3,0,1,0,1,0,0,1,1,0,1,4
500,1,1987,29,2,3,4,1,1,1,0,0,,0,1,0,0,1,3
788,1,1994,22,2,14,4,1,1,0,1,0,0,1,0,0,1,0,7
817,1,1995,21,2,14,4,1,1,0,1,0,1,1,0,1,1,1,5
928,1,1996,20,2,3,3,1,0,0,,1,1,1,0,0,1,0,5
1016,1,1991,25,2,14,3,2,1,1,0,0,1,0,1,1,0,1,9
1047,1,1991,25,2,3,2,1,1,1,,1,,0,,,0,,5
267,2,1989,27,2,3,5,1,,1,,,0,0,1,1,0,1,5
282,2,1992,24,2,3,4,1,1,,0,0,0,0,1,1,0,1,3
363,2,1996,20,2,14,2,2,1,1,1,1,0,0,0,1,0,1,0
480,2,1992,24,2,3,4,1,0,1,0,0,0,0,1,1,0,1,3
549,2,1995,21,2,3,4,1,,0,1,1,1,0,0,0,,0,4
583,2,1994,22,2,14,2,1,,1,0,1,1,0,,1,0,1,5
845,2,1990,26,2,3,5,1,1,0,1,1,0,0,0,1,0,1,4
924,2,1996,20,2,14,4,2,1,1,1,1,0,0,,0,0,1,5
18,1,1954,62,6,2,2,1,1,0,1,1,,,0,0,1,1,7
25,1,1952,64,6,2,3,2,1,,1,1,,1,0,0,1,,5
40,1,1955,61,6,2,2,2,1,0,1,1,0,1,0,0,1,1,6
57,1,1956,60,6,2,2,1,1,0,1,1,0,1,1,1,1,1,10
59,1,1956,60,6,15,3,1,1,0,1,1,1,1,0,0,1,0,7
72,1,1955,61,6,2,2,1,1,0,1,1,1,1,1,0,1,1,4
74,1,1951,65,6,2,3,1,1,0,1,1,1,1,0,0,1,1,10
187,1,1956,60,6,7,2,1,1,,1,1,1,1,0,0,1,1,7
208,1,1956,60,6,2,4,1,1,0,1,1,,1,0,0,1,1,6
209,1,1952,64,6,15,4,1,1,0,1,1,1,1,0,0,1,0,8
423,1,1956,60,6,2,3,1,0,1,0,0,0,0,1,1,0,0,3
620,1,1953,63,6,2,2,1,,0,1,1,1,0,0,0,1,0,10
709,1,1954,62,6,2,4,1,1,0,1,1,0,1,0,0,1,1,6
764,1,1956,60,6,15,2,1,0,1,0,1,0,0,1,1,1,0,3
95,2,1956,60,6,2,2,3,0,1,0,1,0,0,1,1,0,1,4
123,2,1955,61,6,15,2,3,1,0,1,1,,0,0,0,1,1,8
138,1,1966,50,5,2,4,1,1,0,1,1,1,1,0,0,1,1,7
204,1,1966,50,5,2,4,2,1,1,0,0,0,1,0,0,1,0,3
228,1,1965,51,5,2,3,1,1,0,1,1,1,0,0,0,0,1,8
259,1,1966,50,5,2,4,1,1,0,1,1,0,1,0,1,0,1,3
263,1,1962,54,5,2,2,1,1,0,1,1,0,1,0,1,1,1,8
307,1,1961,55,5,2,3,1,1,0,1,1,1,1,0,0,1,1,10
386,1,1964,52,5,15,4,5,0,1,0,0,0,0,1,1,0,1,2
402,1,1966,50,5,15,4,1,1,0,,1,0,1,0,1,1,1,8
406,1,1966,50,5,2,3,7,1,1,1,1,1,0,0,0,0,1,6
434,1,1966,50,5,15,4,1,0,1,0,1,0,0,1,1,0,0,3
664,1,1966,50,5,2,4,1,0,1,0,1,1,1,0,1,0,1,5
699,1,1966,50,5,15,4,1,0,1,1,1,0,0,1,0,0,1,2
767,1,1966,50,5,2,4,1,0,1,0,1,0,0,,0,0,1,5
777,1,1957,59,5,2,4,1,1,,1,1,1,1,0,1,1,1,5
787,1,1966,50,5,2,4,1,1,0,1,1,,,,0,,1,6
834,1,1966,50,5,2,5,1,0,,0,0,0,1,,0,0,1,5
840,1,1966,50,5,7,4,6,0,1,0,0,0,0,1,1,0,0,1
21,2,1960,56,5,7,4,4,0,1,0,,,0,0,0,0,1,3
41,2,1957,59,5,2,2,1,1,0,1,1,,,0,0,1,1,9
67,2,1961,55,5,15,4,1,1,0,1,1,0,1,0,0,1,1,5
70,2,1961,55,5,2,1,1,1,0,,0,0,0,0,,0,,5
80,2,1957,59,5,2,2,1,1,1,0,1,0,0,1,,0,1,5
216,2,1962,54,5,2,3,5,1,0,0,0,0,0,,1,0,1,4
246,2,1964,52,5,7,2,1,1,,1,1,1,0,0,0,,0,5
403,2,1966,50,5,2,4,7,,1,0,0,,0,,,0,0,3
558,2,1966,50,5,2,3,1,1,,1,,,0,,1,0,1,5
951,2,1966,50,5,2,3,1,1,0,1,1,,0,0,0,0,1,5
565,1,1967,49,4,2,4,1,0,1,0,1,0,0,1,1,0,,4
576,1,1967,49,4,15,4,1,0,1,0,0,0,0,1,1,0,0,4
606,1,1974,42,4,2,5,1,1,1,1,,1,1,0,0,1,1,7
612,1,1974,42,4,2,5,1,1,1,1,,1,1,0,0,1,1,7
621,1,1971,45,4,15,4,2,0,0,1,1,0,0,,0,,0,5
627,1,1974,42,4,2,3,2,1,0,1,1,0,0,0,0,1,1,8
633,1,1967,49,4,2,5,8,0,1,0,0,0,0,1,1,0,,3
636,1,1974,42,4,2,5,1,1,,1,,1,1,0,0,1,1,7
652,1,1967,49,4,2,3,1,1,0,1,1,,1,,0,0,1,6
687,1,1968,48,4,2,2,3,1,1,1,0,0,0,0,0,0,0,5
701,1,1969,47,4,2,4,3,0,1,0,0,0,0,1,1,0,1,2
730,1,1967,49,4,2,2,3,0,1,1,0,0,1,0,0,1,1,0
818,1,1967,49,4,2,4,1,0,,0,1,0,1,,0,0,1,3
821,1,1967,49,4,2,2,1,,,,,,,,,,,5
832,1,1968,48,4,2,3,1,1,0,0,1,0,0,0,0,1,1,10
843,1,1968,48,4,2,4,2,0,0,1,1,0,0,1,0,0,1,5
14,2,1970,46,4,15,4,1,,1,,,,0,,1,1,0,2
90,2,1967,49,4,2,2,7,0,1,1,1,0,0,0,0,0,1,6
139,2,1967,49,4,15,2,1,,,0,1,,0,0,1,,1,1
188,2,1969,47,4,2,2,1,1,0,1,1,0,0,0,1,0,1,5
192,2,1975,41,4,2,2,1,1,1,,1,,,,,,,5
223,2,1974,42,4,15,4,5,1,1,0,1,0,1,1,1,0,1,5
326,2,1975,41,4,2,2,1,,,,,,0,,,0,1,5
358,2,1971,45,4,2,4,1,1,0,1,1,1,1,1,0,1,1,8
510,2,1967,49,4,2,4,1,1,0,1,1,1,1,0,0,1,1,9
690,2,1968,48,4,15,3,1,0,1,0,0,0,0,1,1,0,0,2
863,2,1972,44,4,2,4,1,0,1,0,0,0,1,1,1,0,1,3
362,1,1982,34,3,15,4,3,0,0,,,0,1,,,,,4
397,1,1981,35,3,2,4,1,1,0,1,1,0,,0,0,1,1,6
443,1,1981,35,3,7,5,3,0,1,0,1,0,1,0,,0,1,7
589,1,1982,34,3,2,3,1,1,0,1,1,1,0,,0,,1,6
591,1,1980,36,3,7,4,1,0,0,0,1,0,,,0,0,1,5
594,1,1982,34,3,2,2,1,,,1,1,,0,,0,0,1,5
661,1,1986,30,3,15,3,1,1,,,,0,0,,1,0,0,3
705,1,1981,35,3,15,4,1,0,0,0,1,0,1,0,1,0,0,5
761,1,1986,30,3,2,4,8,,,0,1,1,0,,1,0,1,5
868,1,1982,34,3,2,5,1,,1,0,1,0,0,0,0,0,0,6
899,1,1981,35,3,2,4,1,0,1,1,0,,0,1,1,0,1,8
966,1,1981,35,3,7,4,1,1,0,0,1,1,1,1,1,1,,5
1036,1,1981,35,3,2,3,1,1,,,1,0,,0,1,0,1,8
1039,1,1978,38,3,2,2,1,,0,0,1,0,0,0,0,0,1,5
219,2,1979,37,3,15,2,2,1,1,0,1,0,0,1,0,0,1,5
222,2,1978,38,3,2,3,3,,1,0,0,0,,,,0,,5
278,2,1985,31,3,2,3,1,,1,,1,0,0,,1,0,,5
384,2,1985,31,3,2,2,2,,,,0,0,0,0,0,0,0,5
451,2,1983,33,3,15,4,4,0,1,0,,0,0,1,1,0,1,3
478,2,1983,33,3,2,4,1,,,,,,0,,1,0,1,6
506,2,1983,33,3,15,4,1,,0,0,1,0,0,0,1,0,1,6
563,2,1984,32,3,2,4,1,1,1,1,1,1,0,0,0,0,1,3
714,2,1983,33,3,2,4,3,,,,,,,,,,,5
751,2,1980,36,3,7,2,1,1,0,1,1,,1,1,0,,0,8
911,2,1982,34,3,2,3,2,0,1,0,0,0,0,1,1,0,1,1
953,2,1980,36,3,15,3,2,0,0,0,0,1,,0,0,0,,0
969,2,1982,34,3,2,3,1,0,0,0,1,0,1,0,0,1,1,10
1041,2,1982,34,3,2,3,1,,,0,,0,0,1,1,0,1,6
155,1,1989,27,2,2,2,3,1,0,0,0,1,,,,,,1
169,1,1993,23,2,15,4,1,,0,1,1,0,0,,0,0,1,0
178,1,1990,26,2,2,4,14,,,,0,0,0,0,0,0,1,6
203,1,1994,22,2,2,1,3,1,0,,0,0,0,1,1,0,1,5
268,1,1990,26,2,2,5,1,0,,,1,,0,1,1,0,1,7
272,1,1996,20,2,7,3,3,,0,1,0,0,0,1,1,0,1,7
385,1,1993,23,2,2,4,1,0,,1,1,1,,,0,1,1,8
418,1,1987,29,2,2,4,2,,1,1,1,,0,,,0,1,4
435,1,1990,26,2,2,4,1,1,1,1,1,0,0,0,0,0,1,7
474,1,1992,24,2,7,4,1,1,0,1,1,0,0,,0,0,1,4
605,1,1994,22,2,2,2,1,1,1,0,1,0,0,,1,0,0,5
654,1,1992,24,2,2,2,1,,0,1,,0,1,,,,,5
153,2,1987,29,2,2,2,1,1,,,1,0,0,0,1,0,0,5
170,2,1996,20,2,2,2,1,,,0,1,,0,1,1,0,1,4
201,2,1989,27,2,2,4,2,,0,,1,0,0,1,0,0,1,5
410,2,1989,27,2,7,3,1,0,0,1,0,1,0,0,0,0,1,6
536,2,1987,29,2,15,4,4,0,1,0,0,0,0,1,1,0,0,4
645,2,1993,23,2,2,4,1,1,0,0,0,,0,0,0,0,1,4
792,2,1996,20,2,2,3,1,,0,,1,0,0,0,1,0,1,5
897,2,1987,29,2,7,4,1,1,,,,,0,,,0,1,7
910,2,1992,24,2,2,2,4,,,,,,0,,1,0,1,5
927,2,1993,23,2,15,4,1,1,1,1,1,,0,1,0,0,1,5
981,2,1996,20,2,7,4,1,0,1,0,1,0,0,0,0,0,1,5
1030,2,1987,29,2,2,3,10,1,,0,0,0,1,1,1,1,0,6
94,1,1956,60,6,16,2,1,1,1,1,1,0,1,0,0,0,1,5
490,2,1956,60,6,16,4,1,1,0,,,1,1,0,0,1,1,5
597,1,1966,50,5,16,5,1,1,0,1,1,,1,0,0,1,1,0
646,1,1966,50,5,16,2,1,1,1,1,1,0,1,0,0,0,1,5
127,2,1966,50,5,16,2,1,,0,1,0,0,,1,1,0,1,5
217,2,1961,55,5,16,2,3,1,0,,,,1,1,1,0,1,5
237,1,1970,46,4,16,2,1,0,0,0,1,0,0,1,1,0,1,5
331,1,1968,48,4,16,2,1,0,1,0,1,,1,1,1,0,0,2
562,1,1974,42,4,16,2,2,,1,0,1,0,1,,1,0,1,0
919,2,1970,46,4,16,2,1,,0,1,1,,1,0,0,1,0,5
296,1,1985,31,3,16,3,1,1,1,0,0,0,0,0,0,0,0,0
344,1,1982,34,3,16,5,1,1,0,1,1,0,1,0,1,0,1,9
345,1,1981,35,3,16,4,2,,1,0,,0,0,,0,0,,5
354,1,1980,36,3,16,2,1,,,1,1,,0,1,,0,0,7
162,2,1985,31,3,16,4,6,0,1,0,0,0,0,1,0,0,1,3
195,2,1980,36,3,16,3,1,1,1,0,0,0,0,1,0,0,1,7
341,1,1990,26,2,16,5,1,,,,,,,,,,,3
